R_fighter,B_fighter,R_odds,B_odds,R_ev,B_ev,date,location,country,Winner,title_bout,weight_class,gender,no_of_rounds,B_current_lose_streak,B_current_win_streak,B_draw,B_avg_SIG_STR_landed,B_avg_SIG_STR_pct,B_avg_SUB_ATT,B_avg_TD_landed,B_avg_TD_pct,B_longest_win_streak,B_losses,B_total_rounds_fought,B_total_title_bouts,B_win_by_Decision_Majority,B_win_by_Decision_Split,B_win_by_Decision_Unanimous,B_win_by_KO/TKO,B_win_by_Submission,B_win_by_TKO_Doctor_Stoppage,B_wins,B_Stance,B_Height_cms,B_Reach_cms,B_Weight_lbs,R_current_lose_streak,R_current_win_streak,R_draw,R_avg_SIG_STR_landed,R_avg_SIG_STR_pct,R_avg_SUB_ATT,R_avg_TD_landed,R_avg_TD_pct,R_longest_win_streak,R_losses,R_total_rounds_fought,R_total_title_bouts,R_win_by_Decision_Majority,R_win_by_Decision_Split,R_win_by_Decision_Unanimous,R_win_by_KO/TKO,R_win_by_Submission,R_win_by_TKO_Doctor_Stoppage,R_wins,R_Stance,R_Height_cms,R_Reach_cms,R_Weight_lbs,R_age,B_age,lose_streak_dif,win_streak_dif,longest_win_streak_dif,win_dif,loss_dif,total_round_dif,total_title_bout_dif,ko_dif,sub_dif,height_dif,reach_dif,age_dif,sig_str_dif,avg_sub_att_dif,avg_td_dif,empty_arena,constant_1,B_match_weightclass_rank,R_match_weightclass_rank,R_Women's Flyweight_rank,R_Women's Featherweight_rank,R_Women's Strawweight_rank,R_Women's Bantamweight_rank,R_Heavyweight_rank,R_Light Heavyweight_rank,R_Middleweight_rank,R_Welterweight_rank,R_Lightweight_rank,R_Featherweight_rank,R_Bantamweight_rank,R_Flyweight_rank,R_Pound-for-Pound_rank,B_Women's Flyweight_rank,B_Women's Featherweight_rank,B_Women's Strawweight_rank,B_Women's Bantamweight_rank,B_Heavyweight_rank,B_Light Heavyweight_rank,B_Middleweight_rank,B_Welterweight_rank,B_Lightweight_rank,B_Featherweight_rank,B_Bantamweight_rank,B_Flyweight_rank,B_Pound-for-Pound_rank,better_rank,finish,finish_details,finish_round,finish_round_time,total_fight_time_secs,r_dec_odds,b_dec_odds,r_sub_odds,b_sub_odds,r_ko_odds,b_ko_odds
Uriah Hall,Sean Strickland,+175,-210,+175,47.61904761904761,2021-07-31,"Las Vegas, Nevada, USA",USA,Blue,False,Middleweight,MALE,5,0,4,0,5.45,0.4,0.3,1.32,0.61,4,3,33,0,0,2,4,3,1,0,10,Orthodox,185.42,193.04,185,0,4,0,3.47,0.49,0.2,0.58,0.38,4,7,37,0,0,1,1,8,0,0,10,Orthodox,182.88,200.66,185,37,30,0,0,0,0,-4,-4,0,-5,1,2.5400000000000205,-7.620000000000003,-7,1.98,0.0999999999999999,0.7400000000000001,1,1,11.0,8.0,,,,,,,8.0,,,,,,,,,,,,,11.0,,,,,,,Red,U-DEC,,5,5:00,1500,+650,+225,+2500,+800,+275,+165
Cheyanne Buys,Gloria de Paula,-145,+125,68.96551724137932,+125,2021-07-31,"Las Vegas, Nevada, USA",USA,Red,False,Women's Strawweight,FEMALE,3,1,0,0,3.39,0.54,1.0,0.0,0.0,1,1,6,0,0,0,1,0,0,0,1,Orthodox,165.1,170.18,115,1,0,0,4.32,0.54,0.0,0.48,0.33,1,1,6,0,0,0,1,0,0,0,1,Switch,160.02,160.02,115,26,26,0,0,0,0,0,0,0,0,0,5.079999999999984,10.159999999999997,0,-0.9300000000000002,1.0,-0.48,1,1,,,,,,,,,,,,,,,,,,,,,,,,,,,,,neither,KO/TKO,Kick,1,1:00,60,+100,+200,+800,+1400,+900,+900
Niklas Stolze,Jared Gooden,-180,+155,55.55555555555556,+155,2021-07-31,"Las Vegas, Nevada, USA",USA,Blue,False,Welterweight,MALE,3,2,0,0,5.04,0.42,0.0,0.96,1.0,0,2,6,0,0,0,0,0,0,0,0,Orthodox,182.88,195.58,170,1,0,0,2.29,0.43,0.0,0.93,1.0,0,1,3,0,0,0,0,0,0,0,0,Switch,182.88,190.5,170,28,27,1,0,0,0,1,3,0,0,0,0.0,5.0800000000000125,-1,2.75,0.0,0.0299999999999999,1,1,,,,,,,,,,,,,,,,,,,,,,,,,,,,,neither,KO/TKO,Punch,1,1:08,68,+180,+300,+600,+1200,+300,+600
Collin Anglin,Melsik Baghdasaryan,+135,-155,+135,64.51612903225806,2021-07-31,"Las Vegas, Nevada, USA",USA,Blue,False,Featherweight,MALE,3,0,1,0,6.69,0.62,0.0,0.0,0.0,1,0,3,0,0,0,1,0,0,0,1,Southpaw,175.26,177.8,145,0,1,0,5.18,0.54,0.0,2.75,0.8,1,0,3,0,0,0,1,0,0,0,1,Orthodox,175.26,180.34,145,28,29,0,0,0,0,0,0,0,0,0,0.0,-2.539999999999992,1,1.510000000000001,0.0,-2.75,1,1,,,,,,,,,,,,,,,,,,,,,,,,,,,,,neither,KO/TKO,Kick,2,1:50,410,+240,+250,+1000,+850,+650,+225
Bryan Barberena,Jason Witt,-265,+215,37.735849056603776,+215,2021-07-31,"Las Vegas, Nevada, USA",USA,Blue,False,Welterweight,MALE,3,1,0,0,2.63,0.49,1.3,6.46,0.45,1,2,4,0,0,0,0,0,1,0,1,Orthodox,177.8,177.8,170,0,1,0,5.26,0.48,0.4,0.21,0.25,2,5,28,0,0,0,2,3,1,0,6,Southpaw,182.88,182.88,170,32,34,1,-1,-1,-5,-3,-24,0,-3,0,-5.079999999999984,-5.079999999999984,2,-2.63,0.9,6.25,1,1,,,,,,,,,,,,,,,,,,,,,,,,,,,,,neither,M-DEC,,3,5:00,900,+300,+500,+550,+750,+120,+850
Chris Gruetzemacher,Rafa Garcia,+270,-350,+270,28.57142857142857,2021-07-31,"Las Vegas, Nevada, USA",USA,Red,False,Lightweight,MALE,3,1,0,0,4.13,0.34,0.5,2.5,0.33,0,1,3,0,0,0,0,0,0,0,0,Orthodox,170.18,177.8,155,1,0,0,6.93,0.56,0.0,0.0,0.0,2,3,12,0,0,0,1,2,0,0,3,Orthodox,172.72,172.72,155,35,26,0,0,-2,-3,-2,-9,0,-2,0,-2.539999999999992,5.0800000000000125,-9,-2.8,0.5,2.5,1,1,,,,,,,,,,,,,,,,,,,,,,,,,,,,,neither,U-DEC,,3,5:00,900,+450,+165,+1700,+200,+900,+400
Jinh Yu Frey,Ashley Yoder,+140,-160,+140,62.5,2021-07-31,"Las Vegas, Nevada, USA",USA,Red,False,Women's Strawweight,FEMALE,3,1,0,0,3.08,0.39,0.6,1.2,0.3,2,6,27,0,0,1,2,0,0,0,3,Southpaw,170.18,175.26,115,0,1,0,2.86,0.44,0.5,0.78,0.37,1,2,9,0,0,0,1,0,0,0,1,Southpaw,160.02,165.1,115,36,33,1,-1,1,2,4,18,0,0,0,10.159999999999997,10.159999999999997,-3,0.2200000000000002,0.0999999999999999,0.4199999999999999,1,1,,,,,,,,,,,,,,,,,,,,,,,,,,,,,neither,U-DEC,,3,5:00,900,+180,+100,+1000,+750,+1400,+1400
Ryan Benoit,Zarrukh Adashev,-140,+120,71.42857142857143,+120,2021-07-31,"Las Vegas, Nevada, USA",USA,Blue,False,Flyweight,MALE,3,2,0,0,3.54,0.39,0.5,0.0,0.0,0,2,4,0,0,0,0,0,0,0,0,Southpaw,165.1,165.1,125,2,0,0,2.88,0.39,0.4,0.28,0.22,1,5,20,0,0,1,0,2,0,0,3,Orthodox,165.1,172.72,125,31,29,0,0,-1,-3,-3,-16,0,-2,0,0.0,-7.620000000000003,-2,0.6600000000000001,0.0999999999999999,-0.28,1,1,,,,,,,,,,,,,,,,,,,,,,,,,,,,,neither,U-DEC,,3,5:00,900,+180,+250,+900,+1000,+350,+400
Phil Rowe,Orion Cosce,+145,-165,+145,60.60606060606061,2021-07-31,"Las Vegas, Nevada, USA",USA,Red,False,Welterweight,MALE,3,0,1,0,3.7,0.55,0.0,1.87,0.42,1,0,3,0,0,0,0,1,0,0,1,Switch,180.34,180.34,170,1,0,0,4.97,0.56,0.0,0.87,0.33,1,1,6,0,0,0,0,1,0,0,1,Orthodox,190.5,203.2,170,31,27,-1,1,0,0,-1,-3,0,0,0,-10.159999999999997,-22.859999999999985,-4,-1.2699999999999996,0.0,1.0,1,1,,,,,,,,,,,,,,,,,,,,,,,,,,,,,neither,KO/TKO,Punches,2,4:21,561,+380,+300,+650,+800,+450,+175
