R_fighter,B_fighter,R_prob,B_prob
Derrick Lewis,Ciryl Gane,0.5,0.5
Jose Aldo,Pedro Munhoz,0.5,0.5
Michael Chiesa,Vicente Luque,0.5,0.5
Tecia Torres,Angela Hill,0.5,0.5
Song Yadong,Casey Kenney,0.5,0.5
Bobby Green,Rafael Fiziev,0.5,0.5
Vince Morales,Drako Rodriguez,0.5,0.5
Alonzo Menifield,Ed Herman,0.5,0.5
Karolina Kowalkiewicz,Jessica Penne,0.5,0.5
Manel Kape,Ode Osbourne,0.5,0.5
Miles Johns,Anderson Dos Santos,0.5,0.5
Victoria Leonardo,Melissa Gatto,0.5,0.5
Johnny Munoz,Jamey Simmons,0.5,0.5
